id,name,description,createdAt
1,Node.js,JavaScript runtime environment,9/3/2019
2,Vue.js,JavaScript Framework for building UI,9/6/2019
3,Angular.js,Platform for building mobile & desktop web app,9/9/2019
4,Node.js,JavaScript runtime environment,9/3/2019
5,Vue.js,JavaScript Framework for building UI,9/6/2019
6,Angular.js,Platform for building mobile & desktop web app,9/9/2019
7,Node.js,JavaScript runtime environment,9/3/2019
8,Vue.js,JavaScript Framework for building UI,9/6/2019
9,Angular.js,Platform for building mobile & desktop web app,9/9/2019
10,Node.js,JavaScript runtime environment,9/3/2019
11,Vue.js,JavaScript Framework for building UI,9/6/2019
12,Angular.js,Platform for building mobile & desktop web app,9/9/2019
13,Node.js,JavaScript runtime environment,9/3/2019
14,Vue.js,JavaScript Framework for building UI,9/6/2019
15,Angular.js,Platform for building mobile & desktop web app,9/9/2019
16,Node.js,JavaScript runtime environment,9/3/2019
17,Vue.js,JavaScript Framework for building UI,9/6/2019
18,Angular.js,Platform for building mobile & desktop web app,9/9/2019
19,Node.js,JavaScript runtime environment,9/3/2019
20,Vue.js,JavaScript Framework for building UI,9/6/2019
